City_ID,City,Country,Date,Lat,Lng,Max Temp,Humidity,Cloudiness,Wind Speed
0,Bluff,NZ,2022-10-25 15:26:59,-46.6,168.3333,44.47,83,100,6.46
1,Portland,US,2022-10-25 15:25:07,45.5234,-122.6762,50.74,94,75,7.0
2,Avarua,CK,2022-10-25 15:27:00,-21.2078,-159.775,71.65,68,40,9.22
3,Ankara,TR,2022-10-25 15:27:00,39.9199,32.8543,62.2,41,0,1.14
4,Butaritari,KI,2022-10-25 15:27:01,3.0707,172.7902,80.87,78,63,4.68
5,Punta Arenas,CL,2022-10-25 15:22:43,-53.15,-70.9167,48.31,61,100,12.66
6,Nishihara,JP,2022-10-25 15:27:02,26.1842,127.7558,69.08,56,75,13.8
7,Sao Filipe,CV,2022-10-25 15:27:03,14.8961,-24.4956,78.73,76,4,7.11
8,Busselton,AU,2022-10-25 15:27:04,-33.65,115.3333,51.26,81,0,5.61
9,Buala,SB,2022-10-25 15:27:05,-8.145,159.5921,79.25,82,2,3.6
10,Clyde River,CA,2022-10-25 15:27:06,70.4692,-68.5914,10.63,56,0,5.75
11,Glenwood Springs,US,2022-10-25 15:26:45,39.5505,-107.3248,31.35,67,26,1.59
12,Namibe,AO,2022-10-25 15:27:07,-15.1961,12.1522,73.24,75,31,13.38
13,Hermanus,ZA,2022-10-25 15:27:09,-34.4187,19.2345,66.79,68,44,6.2
14,Ponta Do Sol,PT,2022-10-25 15:27:10,32.6667,-17.1,77.63,87,63,7.0
15,Hobart,AU,2022-10-25 15:25:51,-42.8794,147.3294,55.26,96,100,12.66
16,Ketchikan,US,2022-10-25 15:26:28,55.3422,-131.6461,43.27,87,100,0.0
17,Atuona,PF,2022-10-25 15:27:11,-9.8,-139.0333,76.35,77,9,20.29
18,Ushuaia,AR,2022-10-25 15:27:11,-54.8,-68.3,44.22,56,20,5.75
19,Dzhebariki-Khaya,RU,2022-10-25 15:27:12,62.2167,135.8,21.06,93,99,9.26
20,Nikolskoye,RU,2022-10-25 15:27:12,59.7035,30.7861,39.09,68,96,6.4
21,Arraial Do Cabo,BR,2022-10-25 15:27:13,-22.9661,-42.0278,80.56,73,40,11.5
22,Hamilton,US,2022-10-25 15:27:13,39.1834,-84.5333,71.22,54,75,13.8
23,Yumen,CN,2022-10-25 15:27:15,40.2833,97.2,45.45,40,0,10.54
24,Cururupu,BR,2022-10-25 15:23:43,-1.8283,-44.8683,90.34,49,100,7.96
25,Barrow,US,2022-10-25 15:27:16,71.2906,-156.7887,17.62,93,100,21.85
26,Kaduna,NG,2022-10-25 15:27:03,10.5222,7.4383,92.23,23,99,9.91
27,Rikitea,PF,2022-10-25 15:23:15,-23.1203,-134.9692,72.84,76,48,15.39
28,Cape Town,ZA,2022-10-25 15:27:17,-33.9258,18.4232,71.11,62,20,24.16
29,Svetlogorsk,BY,2022-10-25 15:27:17,52.6333,29.7333,50.31,96,100,5.86
30,Arlit,NE,2022-10-25 15:27:18,18.7369,7.3853,94.42,13,0,10.51
31,Mataura,NZ,2022-10-25 15:27:19,-46.1927,168.8643,38.12,95,99,1.41
32,Moron,AR,2022-10-25 15:27:19,-34.6534,-58.6198,80.94,62,94,8.99
33,Port Alfred,ZA,2022-10-25 15:27:21,-33.5906,26.891,67.17,76,92,5.99
34,Ribeira Grande,PT,2022-10-25 15:27:22,38.5167,-28.7,67.77,63,75,10.0
35,Korla,CN,2022-10-25 15:27:22,41.7597,86.1469,52.52,36,100,1.77
36,Hilo,US,2022-10-25 15:27:23,19.7297,-155.09,73.62,82,100,6.91
37,Masterton,NZ,2022-10-25 15:27:23,-40.9597,175.6575,47.88,94,15,2.8
38,Dikson,RU,2022-10-25 15:27:24,73.5069,80.5464,26.62,78,100,12.28
39,Hazorasp,UZ,2022-10-25 15:27:25,41.3194,61.0742,53.44,75,70,7.16
40,Katsuura,JP,2022-10-25 15:27:26,35.1333,140.3,54.81,88,100,28.36
41,Kapaa,US,2022-10-25 15:27:27,22.0752,-159.319,79.12,86,20,13.8
42,Axim,GH,2022-10-25 15:27:28,4.8699,-2.2405,82.22,75,100,7.4
43,Khatanga,RU,2022-10-25 15:27:29,71.9667,102.5,9.88,96,88,7.99
44,Cap-Aux-Meules,CA,2022-10-25 15:27:29,47.3821,-61.8597,57.22,94,100,12.66
45,Samarai,PG,2022-10-25 15:27:30,-10.6167,150.6667,80.22,70,93,5.37
46,San Cristobal,VE,2022-10-25 15:28:32,7.7669,-72.225,77.18,45,26,2.8
47,Chokurdakh,RU,2022-10-25 15:28:32,70.6333,147.9167,3.45,90,100,3.76
48,Bathsheba,BB,2022-10-25 15:28:33,13.2167,-59.5167,88.41,70,40,12.66
49,Tautira,PF,2022-10-25 15:28:33,-17.7333,-149.15,78.3,84,100,25.12
50,Rawson,AR,2022-10-25 15:27:38,-43.3002,-65.1023,63.72,41,73,11.77
51,Muroto,JP,2022-10-25 15:28:34,33.2833,134.15,60.94,61,0,13.82
52,Nizwa,OM,2022-10-25 15:28:34,22.9333,57.5333,82.78,22,0,2.13
53,Belle Fourche,US,2022-10-25 15:28:35,44.6714,-103.8522,48.09,46,15,13.27
54,Abha,SA,2022-10-25 15:28:35,18.2164,42.5053,67.82,72,40,6.91
55,Georgetown,MY,2022-10-25 15:24:22,5.4112,100.3354,80.89,90,40,3.44
56,Saskylakh,RU,2022-10-25 15:28:36,71.9167,114.0833,7.54,95,100,5.93
57,Hlyboka,UA,2022-10-25 15:28:37,48.0897,25.9293,60.19,93,100,6.13
58,Kavaratti,IN,2022-10-25 15:28:37,10.5669,72.642,82.8,62,23,10.22
59,Saldanha,ZA,2022-10-25 15:28:38,-33.0117,17.9442,68.05,71,100,17.72
60,Laguna,US,2022-10-25 15:28:40,38.421,-121.4238,57.09,59,0,1.01
61,Margate,GB,2022-10-25 15:28:40,51.3813,1.3862,62.11,80,81,5.01
62,East London,ZA,2022-10-25 15:28:40,-33.0153,27.9116,68.94,64,0,21.85
63,Pecos,US,2022-10-25 15:28:41,31.4229,-103.4932,53.31,57,0,0.0
64,Hualmay,PE,2022-10-25 15:28:41,-11.0964,-77.6139,65.7,72,60,8.86
65,Bulgan,MN,2022-10-25 15:28:42,48.8125,103.5347,16.75,88,9,3.24
66,Elbistan,TR,2022-10-25 15:28:42,38.2059,37.1983,58.84,26,0,1.25
67,Araouane,ML,2022-10-25 15:28:43,18.9048,-3.5265,95.16,8,98,8.59
68,Dingle,PH,2022-10-25 15:28:43,10.9995,122.6711,76.68,90,100,4.65
69,Alice Springs,AU,2022-10-25 15:28:44,-23.7,133.8833,72.95,60,75,5.75
70,Walcz,PL,2022-10-25 15:28:44,53.2779,16.4712,56.39,80,99,10.98
71,Geraldton,AU,2022-10-25 15:28:45,-28.7667,114.6,55.81,82,0,8.05
72,Bilma,NE,2022-10-25 15:28:45,18.6853,12.9164,86.67,11,0,9.55
73,Upernavik,GL,2022-10-25 15:28:46,72.7868,-56.1549,25.21,94,100,12.93
74,Bereda,ES,2022-10-25 15:28:46,43.2686,-7.5406,62.42,98,74,10.63
75,Hay River,CA,2022-10-25 15:28:47,60.8156,-115.7999,33.78,93,100,14.97
76,Deputatskiy,RU,2022-10-25 15:28:47,69.3,139.9,13.89,84,100,11.56
77,Udachnyy,RU,2022-10-25 15:28:48,66.4167,112.4,10.42,93,26,7.67
78,Mukdahan,TH,2022-10-25 15:28:49,16.5833,104.5,72.82,84,100,10.98
79,Sinazongwe,ZM,2022-10-25 15:28:50,-17.2614,27.4618,93.27,35,5,3.38
80,New Norfolk,AU,2022-10-25 15:28:51,-42.7826,147.0587,54.91,82,100,5.01
81,Caravelas,BR,2022-10-25 15:28:51,-17.7125,-39.2481,77.49,81,89,4.18
82,Adrar,MR,2022-10-25 15:28:52,20.5022,-10.0711,92.23,9,95,10.45
83,Saint-Philippe,RE,2022-10-25 15:28:52,-21.3585,55.7679,74.79,77,48,12.84
84,Lavrentiya,RU,2022-10-25 15:28:53,65.5833,-171.0,26.2,84,99,11.27
85,Iqaluit,CA,2022-10-25 15:28:54,63.7506,-68.5145,19.13,73,100,13.8
86,Sorland,NO,2022-10-25 15:28:54,67.667,12.6934,44.46,65,19,9.33
87,Leningradskiy,RU,2022-10-25 15:28:55,69.3833,178.4167,4.08,89,54,4.59
88,Tuktoyaktuk,CA,2022-10-25 15:28:56,69.4541,-133.0374,14.0,85,75,4.61
89,Ongwediva,NA,2022-10-25 15:28:56,-17.7833,15.7667,93.16,16,17,9.75
90,Kamaishi,JP,2022-10-25 15:28:57,39.2667,141.8833,50.25,70,95,10.83
91,Carnarvon,AU,2022-10-25 15:29:57,-24.8667,113.6333,66.16,66,0,25.55
92,Kavieng,PG,2022-10-25 15:29:58,-2.5744,150.7967,81.54,79,100,6.98
93,Zabol,AF,2022-10-25 15:29:59,32.25,67.25,59.04,16,0,8.81
94,Nelson Bay,AU,2022-10-25 15:29:59,-32.7167,152.15,66.99,94,2,3.0
95,Cidreira,BR,2022-10-25 15:30:00,-30.1811,-50.2056,69.67,62,34,12.24
96,Shingu,JP,2022-10-25 15:30:01,33.7333,135.9833,51.01,80,1,6.4
97,Namatanai,PG,2022-10-25 15:30:02,-3.6667,152.4333,79.61,82,63,3.89
98,Saint George,US,2022-10-25 15:28:26,37.1041,-113.5841,47.79,55,0,0.0
99,Dire,ML,2022-10-25 15:30:03,12.2833,-10.9667,91.18,42,76,3.18
100,Longyearbyen,SJ,2022-10-25 15:30:04,78.2186,15.6401,15.64,79,20,4.61
101,Kruisfontein,ZA,2022-10-25 15:30:04,-34.0033,24.7314,65.88,71,89,18.72
102,Lagoa,PT,2022-10-25 15:30:05,39.05,-27.9833,62.64,68,61,21.05
103,Ipixuna,BR,2022-10-25 15:30:06,-1.7625,-48.8043,94.03,45,82,6.26
104,Nieuw Nickerie,SR,2022-10-25 15:30:06,5.95,-56.9833,81.84,81,100,6.02
105,Vanimo,PG,2022-10-25 15:30:07,-2.6741,141.3028,79.34,85,86,3.13
106,San Patricio,US,2022-10-25 15:30:08,28.017,-97.5169,71.46,37,0,17.87
107,Bredasdorp,ZA,2022-10-25 15:30:09,-34.5322,20.0403,65.1,65,51,14.9
108,Mahebourg,MU,2022-10-25 15:30:09,-20.4081,57.7,74.25,73,40,11.5
109,Vallenar,CL,2022-10-25 15:30:10,-28.5708,-70.7581,71.22,31,100,8.23
110,Petilia Policastro,IT,2022-10-25 15:30:10,39.1139,16.7855,78.3,51,36,3.91
111,Port Elizabeth,ZA,2022-10-25 15:27:15,-33.918,25.5701,68.09,77,40,17.27
112,Erzin,TR,2022-10-25 15:30:15,36.9559,36.2,72.16,35,0,5.5
113,Newnan,US,2022-10-25 15:30:15,33.3807,-84.7997,72.82,64,0,8.05
114,Rosetta,EG,2022-10-25 15:30:16,31.4044,30.4164,71.73,71,3,11.3
115,Kaitangata,NZ,2022-10-25 15:30:16,-46.2817,169.8464,40.42,89,98,3.83
116,Santa Rosa,PH,2022-10-25 15:30:17,14.3122,121.1114,76.08,96,89,10.87
117,Port Hardy,CA,2022-10-25 15:30:18,50.6996,-127.4199,44.78,93,100,0.0
118,Komsomolskiy,UZ,2022-10-25 15:30:19,40.4272,71.7189,54.32,87,100,4.61
119,Albany,US,2022-10-25 15:30:02,42.6001,-73.9662,65.23,95,100,4.79
120,Rio Grande,BR,2022-10-25 15:26:45,-32.035,-52.0986,75.31,64,0,12.82
121,Changji,CN,2022-10-25 15:30:20,44.0167,87.3167,45.39,53,0,0.0
122,Sioux Lookout,CA,2022-10-25 15:30:21,50.1001,-91.917,35.67,80,100,12.66
123,San Carlos De Bariloche,AR,2022-10-25 15:29:45,-41.1456,-71.3082,61.25,36,75,4.61
124,Pilar,BR,2022-10-25 15:30:23,-9.5972,-35.9567,85.93,55,79,12.48
125,Akdepe,TM,2022-10-25 15:30:24,42.0551,59.3788,53.69,66,78,9.15
126,Uyskoye,RU,2022-10-25 15:30:24,54.3775,60.0047,34.74,66,100,11.1
127,Vaini,TO,2022-10-25 15:30:25,-21.2,-175.2,69.96,73,75,4.61
128,Hithadhoo,MV,2022-10-25 15:30:25,-0.6,73.0833,81.36,77,55,10.22
129,Rawicz,PL,2022-10-25 15:30:26,51.6095,16.8585,62.15,79,83,7.45
130,Yellowknife,CA,2022-10-25 15:27:59,62.456,-114.3525,21.72,93,75,10.36
131,Castro,BR,2022-10-25 15:30:27,-24.7911,-50.0119,74.86,52,28,2.95
132,Bushehr,IR,2022-10-25 15:30:27,28.9684,50.8385,84.29,65,0,9.22
133,Jamestown,US,2022-10-25 15:30:31,42.097,-79.2353,67.59,79,0,9.22
134,Bethel,US,2022-10-25 15:31:29,41.3712,-73.414,67.19,90,100,6.91
135,Kirakira,SB,2022-10-25 15:31:29,-10.4544,161.9205,78.4,85,4,3.09
136,Lompoc,US,2022-10-25 15:31:30,34.6391,-120.4579,54.59,81,0,3.44
137,Cabo San Lucas,MX,2022-10-25 15:31:31,22.8909,-109.9124,80.06,73,40,8.05
138,Luce,FR,2022-10-25 15:31:31,48.4369,1.4636,63.55,83,100,5.99
139,Santa Cruz,BO,2022-10-25 15:31:32,-17.8,-63.1667,93.25,40,20,17.27
140,Russell,US,2022-10-25 15:31:32,32.3502,-85.1999,73.38,68,0,8.05
141,Ilulissat,GL,2022-10-25 15:31:33,69.2167,-51.1,28.42,86,100,2.3
142,Porto Novo,BJ,2022-10-25 15:31:33,6.4965,2.6036,78.62,68,99,7.0
143,San Quintin,MX,2022-10-25 15:31:34,30.4833,-115.95,67.1,37,0,1.81
144,Los Dos Caminos,VE,2022-10-25 15:31:35,10.4939,-66.8286,84.11,59,67,3.0
145,San Policarpo,PH,2022-10-25 15:31:36,12.1791,125.5072,81.16,86,99,13.8
146,Kati,ML,2022-10-25 15:31:37,12.7441,-8.0726,96.21,21,81,8.46
147,Sobolevo,RU,2022-10-25 15:31:37,54.4299,31.8996,44.55,87,100,8.1
148,Victoria,HK,2022-10-25 15:27:50,22.2855,114.1577,75.38,72,100,11.99
149,Mar Del Plata,AR,2022-10-25 15:30:05,-38.0023,-57.5575,73.42,56,0,8.05
150,Bay Roberts,CA,2022-10-25 15:31:39,47.5999,-53.2648,64.06,58,7,7.0
151,Karratha,AU,2022-10-25 15:31:41,-20.7377,116.8463,74.25,67,0,17.05
152,Grand-Lahou,CI,2022-10-25 15:31:42,5.1367,-5.0242,81.03,81,95,7.92
153,Camacha,PT,2022-10-25 15:31:42,33.0833,-16.3333,71.02,78,75,11.5
154,Lorengau,PG,2022-10-25 15:31:42,-2.0226,147.2712,81.57,72,100,3.18
155,Tasiilaq,GL,2022-10-25 15:31:44,65.6145,-37.6368,35.76,93,100,5.37
156,Celestun,MX,2022-10-25 15:31:44,20.8667,-90.4,84.16,68,20,6.55
157,Dhidhdhoo,MV,2022-10-25 15:31:46,6.8833,73.1,80.78,81,82,6.96
158,Lima,PE,2022-10-25 15:31:14,-12.0432,-77.0282,64.9,77,100,10.36
159,Ahipara,NZ,2022-10-25 15:31:47,-35.1667,173.1667,53.42,91,69,6.71
160,Puerto Ayacucho,VE,2022-10-25 15:31:47,5.6639,-67.6236,87.37,62,92,2.55
161,Belyy Yar,RU,2022-10-25 15:31:48,53.6039,91.3903,17.49,86,6,4.47
162,Clarksville,US,2022-10-25 15:29:15,36.5298,-87.3595,69.98,69,100,12.66
163,Kyaukse,MM,2022-10-25 15:31:49,21.6,96.1333,75.85,86,22,4.36
164,Hoganas,SE,2022-10-25 15:31:49,56.1997,12.558,57.02,88,25,16.71
165,Puerto Ayora,EC,2022-10-25 15:31:50,-0.7393,-90.3518,69.76,90,96,5.99
166,Husavik,IS,2022-10-25 15:31:50,66.0449,-17.3389,38.25,92,94,8.43
167,Qaanaaq,GL,2022-10-25 15:31:51,77.484,-69.3632,23.32,72,100,6.42
168,Santiago Del Estero,AR,2022-10-25 15:31:51,-27.7951,-64.2615,99.16,20,0,22.7
169,Ponta Delgada,PT,2022-10-25 15:31:52,37.7333,-25.6667,69.49,56,20,18.41
170,Doctor Arroyo,MX,2022-10-25 15:31:52,23.6667,-100.1833,71.74,48,19,1.74
171,Tubuala,PA,2022-10-25 15:31:53,9.5167,-79.0333,82.18,76,99,3.83
172,Norman Wells,CA,2022-10-25 15:31:54,65.282,-126.8329,19.44,93,100,5.75
173,Sharjah,AE,2022-10-25 15:26:56,25.3573,55.4033,87.78,54,0,10.36
174,Berlevag,NO,2022-10-25 15:31:54,70.8578,29.0864,35.6,64,0,16.11
175,Gazanjyk,TM,2022-10-25 15:31:55,39.2446,55.5154,62.78,49,69,5.32
176,Codrington,AU,2022-10-25 15:31:57,-38.2667,141.9667,57.36,94,100,8.05
177,Coquimbo,CL,2022-10-25 15:31:57,-29.9533,-71.3436,58.73,67,100,9.22
178,Fandriana,MG,2022-10-25 15:31:58,-20.2333,47.3833,63.57,83,99,2.48
179,Mount Isa,AU,2022-10-25 15:32:58,-20.7333,139.5,73.17,100,40,8.05
180,Olafsvik,IS,2022-10-25 15:32:58,64.8945,-23.7142,41.7,82,100,24.99
181,Port Macquarie,AU,2022-10-25 15:32:59,-31.4333,152.9167,61.9,85,89,6.44
182,Sorong,ID,2022-10-25 15:33:01,-0.8833,131.25,79.25,86,88,6.11
183,Flin Flon,CA,2022-10-25 15:33:01,54.7682,-101.865,26.44,86,75,12.66
184,Plettenberg Bay,ZA,2022-10-25 15:33:02,-34.0527,23.3716,63.09,71,95,10.07
185,Notre-Dame-Du-Lac,CA,2022-10-25 15:33:03,47.6136,-68.7964,57.87,91,100,5.32
186,Chuy,UY,2022-10-25 15:33:03,-33.6971,-53.4616,70.2,58,1,9.46
187,Cockburn Town,TC,2022-10-25 15:33:04,21.4612,-71.1419,80.46,69,100,4.0
188,Port Blair,IN,2022-10-25 15:31:11,11.6667,92.75,78.84,94,40,2.3
189,Iranshahr,IR,2022-10-25 15:33:05,27.2025,60.6848,84.54,18,0,4.61
190,Gigmoto,PH,2022-10-25 15:33:06,13.7796,124.39,81.23,86,85,11.74
191,Piedecuesta,CO,2022-10-25 15:33:07,6.9879,-73.0495,70.92,71,100,5.26
192,Egvekinot,RU,2022-10-25 15:33:07,66.3167,-179.1667,6.17,90,71,6.46
193,Hovd,MN,2022-10-25 15:33:08,48.0056,91.6419,23.27,66,18,0.96
194,Biak,ID,2022-10-25 15:33:08,-0.9131,122.8766,77.14,84,77,2.82
195,Lebu,CL,2022-10-25 15:33:09,-37.6167,-73.65,59.09,72,100,11.77
196,Thompson,CA,2022-10-25 15:33:10,55.7435,-97.8558,28.56,86,100,14.97
197,Fortuna,US,2022-10-25 15:33:10,40.5982,-124.1573,50.94,91,100,3.44
198,Marawi,PH,2022-10-25 15:33:11,7.9986,124.2928,68.34,93,77,0.76
199,Manoel Urbano,BR,2022-10-25 15:33:13,-8.8389,-69.2597,90.34,55,98,5.3
200,Naze,JP,2022-10-25 15:33:15,28.3667,129.4833,68.92,55,74,17.76
201,Baghdad,IQ,2022-10-25 15:30:41,33.3406,44.4009,76.91,33,0,4.61
202,Kahului,US,2022-10-25 15:33:16,20.8947,-156.47,78.82,74,0,11.5
203,Kodinsk,RU,2022-10-25 15:33:16,58.6881,99.1844,30.9,70,100,8.3
204,Konokovo,RU,2022-10-25 15:33:17,44.8616,41.3266,53.46,76,70,2.77
205,Luderitz,NA,2022-10-25 15:33:18,-26.6481,15.1594,68.04,61,97,23.2
206,Novoilinsk,RU,2022-10-25 15:33:18,51.6829,108.7143,22.1,69,1,3.24
207,Houma,US,2022-10-25 15:29:43,29.5958,-90.7195,80.6,89,40,14.97
208,Bardiyah,LY,2022-10-25 15:33:19,31.7561,25.0865,72.39,56,0,10.07
209,Tadine,NC,2022-10-25 15:33:20,-21.55,167.8833,72.68,81,96,16.24
210,Esperance,AU,2022-10-25 15:33:20,-33.8667,121.9,55.83,87,47,10.09
211,Tura,IN,2022-10-25 15:33:21,25.5198,90.2201,63.66,96,18,3.42
212,Aklavik,CA,2022-10-25 15:33:21,68.2191,-135.0107,10.4,92,100,0.0
213,Kilindoni,TZ,2022-10-25 15:33:22,-7.9139,39.6668,77.43,78,48,13.8
214,Qasigiannguit,GL,2022-10-25 15:33:23,68.8193,-51.1922,28.65,97,100,7.36
215,Cherskiy,RU,2022-10-25 15:33:24,68.75,161.3,-4.97,92,32,6.87
216,Sept-Iles,CA,2022-10-25 15:28:57,50.2001,-66.3821,54.12,86,75,4.61
217,Hambantota,LK,2022-10-25 15:33:26,6.1241,81.1185,80.94,89,40,4.61
218,Miles City,US,2022-10-25 15:33:27,46.4083,-105.8406,40.17,70,0,10.36
219,Bida,NG,2022-10-25 15:33:28,9.0833,6.0167,92.25,52,100,1.72
220,Mason City,US,2022-10-25 15:33:28,43.1536,-93.201,41.09,84,0,8.05
221,Abu Dhabi,AE,2022-10-25 15:30:57,24.4667,54.3667,86.11,61,0,6.91
222,Ancud,CL,2022-10-25 15:33:29,-41.8697,-73.8203,55.31,78,100,9.89
223,Talnakh,RU,2022-10-25 15:33:31,69.4865,88.3972,10.83,97,99,2.64
224,Merrill,US,2022-10-25 15:34:31,45.1805,-89.6835,44.37,79,40,6.91
225,Corsicana,US,2022-10-25 15:30:06,32.0954,-96.4689,58.15,63,0,21.85
226,Broome,US,2022-10-25 15:34:33,42.2506,-75.833,67.86,81,100,6.91
227,Santa Cruz Del Sur,CU,2022-10-25 15:34:34,20.7147,-77.9956,83.05,63,1,5.82
228,Lengshuitan,CN,2022-10-25 15:34:34,26.4111,111.5956,68.81,42,99,1.9
229,Port-Gentil,GA,2022-10-25 15:34:35,-0.7193,8.7815,82.36,83,75,10.36
230,Ambulu,ID,2022-10-25 15:34:36,-8.345,113.6058,77.11,87,100,1.28
231,Atbasar,KZ,2022-10-25 15:34:37,51.8,68.3333,37.9,41,100,6.44
232,Hobyo,SO,2022-10-25 15:34:38,5.3505,48.5268,81.16,77,7,11.61
233,Halifax,CA,2022-10-25 15:32:07,44.6453,-63.5724,64.69,98,100,0.0
234,Antalaha,MG,2022-10-25 15:34:39,-14.9003,50.2788,72.18,79,27,5.5
235,Sabang,ID,2022-10-25 15:34:39,5.8933,95.3214,81.9,79,64,12.46
236,Bambous Virieux,MU,2022-10-25 15:34:40,-20.3428,57.7575,74.21,73,40,11.5
237,Kavarna,BG,2022-10-25 15:34:40,43.4333,28.3333,74.35,82,20,11.5
238,Provideniya,RU,2022-10-25 15:34:41,64.3833,-173.3,21.83,84,97,14.18
239,Muros,ES,2022-10-25 15:34:41,42.7762,-9.0603,66.09,84,41,22.26
240,Los Llanos De Aridane,ES,2022-10-25 15:34:42,28.6585,-17.9182,71.35,88,75,3.44
241,Tahoua,NE,2022-10-25 15:34:42,14.8888,5.2692,98.58,15,3,11.5
242,Tiznit,MA,2022-10-25 15:34:43,29.5833,-9.5,87.91,12,82,11.25
243,Kodiak,US,2022-10-25 15:34:43,57.79,-152.4072,42.31,56,100,10.36
244,Moyale,KE,2022-10-25 15:34:44,3.5167,39.0584,73.51,60,60,6.29
245,Adre,TD,2022-10-25 15:34:44,13.4667,22.2,83.82,23,0,4.68
246,Artesia,US,2022-10-25 15:30:42,33.8658,-118.0831,70.34,49,0,0.0
247,Ban Nahin,LA,2022-10-25 15:34:45,18.2418,104.2122,71.71,84,86,4.14
248,Mosquera,CO,2022-10-25 15:34:46,4.7059,-74.2302,64.49,63,40,3.44
249,Baijiantan,CN,2022-10-25 15:34:46,45.6333,85.1833,48.61,47,100,5.41
250,San-Pedro,CI,2022-10-25 15:34:47,4.7485,-6.6363,81.73,78,85,9.22
251,Kyshtovka,RU,2022-10-25 15:34:47,56.555,76.6271,32.67,67,100,13.91
252,Constitucion,CL,2022-10-25 15:31:30,-35.3333,-72.4167,60.44,67,15,6.49
253,Fare,PF,2022-10-25 15:34:48,-16.7,-151.0167,79.68,79,100,22.1
254,Madimba,TZ,2022-10-25 15:34:48,-10.4,40.3333,74.23,83,2,7.7
255,Pochutla,MX,2022-10-25 15:34:49,15.7432,-96.4661,85.82,74,97,5.84
256,Bengkulu,ID,2022-10-25 15:34:49,-3.8004,102.2655,75.16,92,100,7.65
257,Tabory,RU,2022-10-25 15:34:50,58.5198,64.5495,29.91,81,8,4.54
258,Severo-Yeniseyskiy,RU,2022-10-25 15:34:50,60.3725,93.0408,27.82,75,100,15.37
259,Torbay,CA,2022-10-25 15:30:12,47.6666,-52.7314,63.28,72,0,16.11
260,Pacific Grove,US,2022-10-25 15:34:51,36.6177,-121.9166,53.65,93,100,4.61
261,Rundu,NA,2022-10-25 15:34:51,-17.9333,19.7667,88.59,24,88,4.5
262,La Ronge,CA,2022-10-25 15:30:15,55.1001,-105.2842,28.65,74,100,4.61
263,Vanavara,RU,2022-10-25 15:34:52,60.34,102.2797,28.8,82,100,10.85
264,Susuman,RU,2022-10-25 15:34:53,62.7833,148.1667,-7.89,100,79,3.76
265,Punta Alta,AR,2022-10-25 15:34:53,-38.8759,-62.0736,69.75,72,100,4.81
266,Honningsvag,NO,2022-10-25 15:34:53,70.9821,25.9704,35.35,64,100,21.85
267,Severo-Kurilsk,RU,2022-10-25 15:34:54,50.6789,156.125,37.58,64,32,9.26
268,Antequera,ES,2022-10-25 15:34:55,37.0194,-4.5612,82.45,21,100,6.24
269,Herat,AF,2022-10-25 15:34:55,34.5,62.0,60.53,51,44,21.97
270,Premia De Mar,ES,2022-10-25 15:34:56,41.4921,2.3652,81.1,80,53,1.99
271,Sisimiut,GL,2022-10-25 15:34:57,66.9395,-53.6735,28.49,88,99,13.53
272,Naples,IT,2022-10-25 15:35:58,40.8333,14.25,72.86,79,0,4.61
273,Yar-Sale,RU,2022-10-25 15:35:59,66.8333,70.8333,20.82,96,91,10.71
274,Magadi,IN,2022-10-25 15:34:38,12.9667,77.2333,71.76,68,0,4.99
275,Chapais,CA,2022-10-25 15:35:59,49.7834,-74.8492,56.98,70,74,12.24
276,Mandurah,AU,2022-10-25 15:36:00,-32.55,115.7,59.99,75,0,9.1
277,Neftcala,AZ,2022-10-25 15:36:01,39.3742,49.2472,63.57,70,28,11.39
278,Thaba Nchu,ZA,2022-10-25 15:36:02,-29.2093,26.839,76.98,15,78,13.42
279,Airai,TL,2022-10-25 15:36:03,-8.9266,125.4092,63.32,91,100,1.54
280,Klaksvik,FO,2022-10-25 15:36:04,62.2266,-6.589,50.92,91,94,12.73
281,Haywards Heath,GB,2022-10-25 15:36:04,50.9977,-0.1031,62.24,84,40,5.75
282,Zimandu Nou,RO,2022-10-25 15:36:05,46.2833,21.4,62.94,77,0,6.91
283,Verkhoshizhemye,RU,2022-10-25 15:36:05,58.011,49.1038,30.69,87,81,5.84
284,Great Yarmouth,GB,2022-10-25 15:36:06,52.6083,1.7305,63.07,78,66,11.43
285,Greensburg,US,2022-10-25 15:36:06,40.3015,-79.5389,71.94,54,0,5.01
286,Pevek,RU,2022-10-25 15:36:07,69.7008,170.3133,1.18,91,22,9.28
287,Sangmelima,CM,2022-10-25 15:36:08,2.9333,11.9833,73.42,95,93,3.0
288,Alyangula,AU,2022-10-25 15:36:08,-13.8483,136.4192,82.96,77,8,14.99
289,Ballitoville,ZA,2022-10-25 15:36:10,-29.539,31.2144,75.24,88,0,2.3
290,Walvis Bay,NA,2022-10-25 15:36:10,-22.9575,14.5053,68.95,60,0,10.36
291,Ulladulla,AU,2022-10-25 15:36:11,-35.35,150.4667,63.59,75,77,7.2
292,Lethem,GY,2022-10-25 15:36:11,3.3803,-59.7968,89.65,62,40,11.5
293,Lata,PT,2022-10-25 15:36:12,40.1629,-8.3327,72.48,57,32,8.97
294,Bonavista,CA,2022-10-25 15:36:12,48.6499,-53.1147,52.77,73,4,2.64
295,Orlik,RU,2022-10-25 15:36:13,52.5178,99.825,15.46,46,5,3.22
296,Krasnokamensk,RU,2022-10-25 15:36:13,50.0979,118.0369,35.53,35,100,8.25
297,Galesong,ID,2022-10-25 15:36:14,-5.3166,119.3661,77.02,77,96,2.24
298,Mapimi,MX,2022-10-25 15:36:14,25.8167,-103.85,63.82,36,1,3.71
299,Beloha,MG,2022-10-25 15:36:15,-25.1667,45.05,73.62,77,90,8.81
300,Espanola,US,2022-10-25 15:36:15,35.9911,-106.0806,42.87,43,0,1.01
301,Manokwari,ID,2022-10-25 15:36:16,-0.8667,134.0833,78.03,84,94,4.07
302,Gouyave,GD,2022-10-25 15:36:17,12.1646,-61.7296,84.97,79,75,9.22
303,Sambava,MG,2022-10-25 15:36:18,-14.2667,50.1667,72.7,81,12,5.95
304,Invermere,CA,2022-10-25 15:36:18,50.5167,-116.0354,31.35,92,99,3.11
305,Ampanihy,MG,2022-10-25 15:36:19,-24.7,44.75,77.38,59,93,9.01
306,Alta Floresta,BR,2022-10-25 15:36:20,-9.8756,-56.0861,82.22,78,75,2.3
307,Buncrana,IE,2022-10-25 15:36:21,55.1333,-7.45,58.77,86,100,12.93
308,Smithers,CA,2022-10-25 15:36:22,54.7804,-127.1743,32.32,86,100,3.44
309,Saquena,PE,2022-10-25 15:36:22,-4.6667,-73.5167,93.88,45,94,1.92
310,Tuatapere,NZ,2022-10-25 15:36:23,-46.1333,167.6833,41.49,90,98,5.17
311,Nome,US,2022-10-25 15:32:22,64.5011,-165.4064,30.27,80,100,13.8
312,Gaspe,CA,2022-10-25 15:36:23,48.8334,-64.4819,61.02,67,20,5.75
313,Grand Gaube,MU,2022-10-25 15:36:24,-20.0064,57.6608,74.37,66,0,5.01
314,Srednekolymsk,RU,2022-10-25 15:36:25,67.45,153.6833,4.89,90,100,6.96
315,Aksarka,RU,2022-10-25 15:36:26,66.5606,67.7975,23.22,95,99,8.12
316,Lensk,RU,2022-10-25 15:33:35,60.7253,114.9278,30.54,86,100,12.62
317,Meadow Lake,US,2022-10-25 15:36:27,34.8014,-106.5436,47.41,54,0,8.05
318,Ayagoz,KZ,2022-10-25 15:37:28,47.9714,80.4392,35.53,41,62,4.88
319,Half Moon Bay,US,2022-10-25 15:37:28,37.4636,-122.4286,57.87,92,100,3.44
320,Havoysund,NO,2022-10-25 15:37:29,70.9963,24.6622,35.83,64,91,5.97
321,Henties Bay,NA,2022-10-25 15:37:30,-22.116,14.2845,61.7,82,30,10.31
322,Kenai,US,2022-10-25 15:37:30,60.5544,-151.2583,29.14,86,0,5.75
323,Kristiansund,NO,2022-10-25 15:37:30,63.1115,7.732,50.65,71,75,0.0
324,Canutama,BR,2022-10-25 15:37:31,-6.5339,-64.3831,77.58,91,100,0.56
325,Mitsamiouli,KM,2022-10-25 15:37:32,-11.3847,43.2844,80.89,61,20,11.5
326,Pimentel,PE,2022-10-25 15:37:32,-6.8367,-79.9342,68.29,68,40,3.44
327,Buzmeyin,TM,2022-10-25 15:37:32,38.0507,58.2056,60.53,63,75,6.91
328,Evensk,RU,2022-10-25 15:37:34,61.95,159.2333,31.96,77,100,18.19
329,Mareeba,AU,2022-10-25 15:37:34,-17.0,145.4333,74.44,90,6,2.3
330,Opuwo,NA,2022-10-25 15:37:35,-18.0607,13.84,91.22,17,94,9.6
331,Pisco,PE,2022-10-25 15:37:36,-13.7,-76.2167,63.01,82,100,4.61
332,Sandpoint,US,2022-10-25 15:33:28,48.2766,-116.5533,41.02,89,75,6.91
333,Saint-Paul,RE,2022-10-25 15:37:37,-21.0096,55.2707,75.31,79,58,3.71
334,Marsa Matruh,EG,2022-10-25 15:37:37,31.3525,27.2453,71.62,65,0,7.18
335,Roma,US,2022-10-25 15:36:03,43.2128,-75.4557,68.72,84,100,6.91
336,Kieta,PG,2022-10-25 15:37:39,-6.2167,155.6333,78.98,85,16,1.63
337,Guiberoua,CI,2022-10-25 15:37:39,6.2392,-6.1727,83.79,68,91,0.72
338,Tinsukia,IN,2022-10-25 15:37:40,27.5,95.3667,68.04,98,94,2.77
339,Anadyr,RU,2022-10-25 15:37:40,64.75,177.4833,7.3,84,100,6.71
340,Shetpe,KZ,2022-10-25 15:37:41,44.1667,52.1167,49.77,66,97,17.34
341,Luanshya,ZM,2022-10-25 15:37:43,-13.1367,28.4166,79.3,35,95,5.44
342,Labrea,BR,2022-10-25 15:37:43,-7.2586,-64.7981,81.34,87,100,3.44
343,Tornio,FI,2022-10-25 15:37:44,65.8481,24.1466,33.82,72,100,10.65
344,Padang,ID,2022-10-25 15:37:44,-0.9492,100.3543,77.72,87,100,2.21
345,Nchelenge,ZM,2022-10-25 15:37:45,-9.3451,28.734,80.02,55,87,11.14
346,Puksoozero,RU,2022-10-25 15:37:46,62.5903,40.6066,33.3,78,93,3.49
347,Fukue,JP,2022-10-25 15:37:46,32.6881,128.8419,62.78,63,11,20.09
348,Tessalit,ML,2022-10-25 15:37:47,20.1986,1.0114,92.93,10,13,3.89
349,Chai Badan,TH,2022-10-25 15:37:47,15.2,101.1333,77.04,81,98,3.29
350,Ko Samui,TH,2022-10-25 15:37:49,9.5357,99.9357,82.31,83,20,0.0
351,Ganzhou,CN,2022-10-25 15:37:49,28.8184,115.4327,63.48,44,93,2.77
352,Maniitsoq,GL,2022-10-25 15:37:50,65.4167,-52.9,31.44,75,81,6.62
353,Cayenne,GF,2022-10-25 15:37:51,4.9333,-52.3333,91.44,55,0,8.05
354,Vao,NC,2022-10-25 15:37:51,-22.6667,167.4833,72.66,79,100,21.9
355,Asau,RO,2022-10-25 15:37:52,46.4333,26.4,65.32,83,98,1.39
356,Havre-Saint-Pierre,CA,2022-10-25 15:37:52,50.2334,-63.5986,55.76,71,0,0.0
357,Mangai,CD,2022-10-25 15:37:53,-4.05,19.5333,79.38,71,71,2.98
358,Mogadishu,SO,2022-10-25 15:37:53,2.0371,45.3438,78.84,83,15,9.46
359,Anloga,GH,2022-10-25 15:37:54,5.7947,0.8973,82.98,72,99,11.36
360,Krasnoselkup,RU,2022-10-25 15:37:54,65.7,82.4667,29.57,98,100,10.51
361,Jonesboro,US,2022-10-25 15:33:04,35.8423,-90.7043,64.09,88,100,13.8
362,Zarand,IR,2022-10-25 15:38:55,30.8127,56.564,67.14,18,1,6.38
363,Teya,RU,2022-10-25 15:38:56,60.3778,92.6267,31.08,76,100,14.65
364,Klichka,RU,2022-10-25 15:38:56,50.4457,117.996,32.4,40,100,6.13
365,Souillac,MU,2022-10-25 15:38:57,-20.5167,57.5167,73.78,73,40,11.5
366,Arak,IR,2022-10-25 15:38:57,34.0917,49.6892,63.61,30,79,7.85
367,Marsaxlokk,MT,2022-10-25 15:38:58,35.8419,14.5431,81.21,44,0,12.66
368,Sola,VU,2022-10-25 15:38:59,-13.8833,167.55,72.27,94,1,2.3
369,Asfi,MA,2022-10-25 15:38:59,32.2994,-9.2372,73.42,62,100,6.73
370,Zaraza,VE,2022-10-25 15:38:59,9.3503,-65.3245,91.42,54,100,2.89
371,Pontianak,ID,2022-10-25 15:39:01,-0.0333,109.3333,75.15,95,100,2.39
372,Bergen,NO,2022-10-25 15:39:01,60.392,5.328,52.14,98,100,6.91
373,Andenes,NO,2022-10-25 15:39:02,69.3143,16.1194,34.93,69,20,4.61
374,Erdaojiang,CN,2022-10-25 15:39:02,41.7764,126.0319,37.96,70,0,3.74
375,Las Choapas,MX,2022-10-25 15:39:03,17.9333,-94.0833,81.68,74,31,2.08
376,Rio Pomba,BR,2022-10-25 15:39:04,-21.2747,-43.1792,84.74,54,65,6.22
377,Kismayo,SO,2022-10-25 15:39:04,-0.3582,42.5454,78.49,83,19,13.13
378,Harrison,US,2022-10-25 15:39:05,30.4091,-89.0436,80.62,85,0,13.8
379,Tilichiki,RU,2022-10-25 15:39:06,60.4667,166.1,13.41,81,54,2.59
380,Yorkton,CA,2022-10-25 15:39:06,51.2167,-102.4677,28.24,93,75,11.5
381,Mizdah,LY,2022-10-25 15:39:07,31.4451,12.9801,77.83,19,0,3.67
382,Prince Rupert,CA,2022-10-25 15:39:08,54.3161,-130.3201,42.49,90,100,20.71
383,Yulara,AU,2022-10-25 15:39:09,-25.2406,130.9889,71.94,27,0,12.06
384,Palau,PW,2022-10-25 15:39:10,7.503,134.621,73.36,88,100,10.36
385,Abapo,BO,2022-10-25 15:39:11,-18.8333,-63.4667,96.71,21,0,10.13
386,Kathu,TH,2022-10-25 15:39:11,7.9178,98.3332,84.69,99,100,10.13
387,Claresholm,CA,2022-10-25 15:39:12,50.0333,-113.5852,40.21,69,97,17.27
388,Auki,SB,2022-10-25 15:39:12,-8.7676,160.7034,77.04,87,3,2.53
389,Isangel,VU,2022-10-25 15:39:13,-19.55,169.2667,73.51,83,99,3.44
390,Yinchuan,CN,2022-10-25 15:39:14,38.4681,106.2731,59.95,49,100,4.7
391,San Vicente,AR,2022-10-25 15:39:14,-26.6167,-54.1333,84.43,29,0,4.47
392,Baruun-Urt,MN,2022-10-25 15:39:15,46.6806,113.2792,25.9,80,75,6.46
393,Ambovombe,MG,2022-10-25 15:39:15,-25.1667,46.0833,72.55,87,70,5.75
394,Okato,NZ,2022-10-25 15:39:16,-39.2,173.8833,56.91,100,60,6.6
395,Central Point,US,2022-10-25 15:39:16,42.376,-122.9164,45.39,96,100,5.75
396,Tiksi,RU,2022-10-25 15:39:17,71.6872,128.8694,17.19,94,100,6.33
397,Pierre,US,2022-10-25 15:39:17,44.3683,-100.351,36.52,75,0,13.8
398,Moroni,KM,2022-10-25 15:39:18,-11.7022,43.2551,80.6,61,20,11.5
399,Beringovskiy,RU,2022-10-25 15:39:18,63.05,179.3167,26.96,89,100,15.35
400,Brigantine,US,2022-10-25 15:39:19,39.4101,-74.3646,66.04,98,100,3.0
401,Grindavik,IS,2022-10-25 15:39:19,63.8424,-22.4338,46.35,87,75,8.05
402,Puerto Maldonado,PE,2022-10-25 15:39:20,-12.6,-69.1833,88.2,79,75,5.75
403,Hearst,CA,2022-10-25 15:39:20,49.6835,-83.6665,59.25,77,100,13.02
404,Murmino,RU,2022-10-25 15:39:21,54.6036,40.0544,34.5,81,48,1.03
405,Puerto Carreno,CO,2022-10-25 15:39:21,6.189,-67.4859,84.18,74,20,4.61
406,Kudahuvadhoo,MV,2022-10-25 15:39:23,2.6708,72.8944,81.64,80,99,11.5
407,Zhangjiakou,CN,2022-10-25 15:39:23,40.81,114.8794,52.12,49,44,3.22
408,Aswan,EG,2022-10-25 15:39:24,24.0934,32.907,78.76,25,0,5.06
409,Goundi,TD,2022-10-25 15:39:24,9.3627,17.366,82.72,47,23,4.36
410,Boa Vista,BR,2022-10-25 15:40:25,2.8197,-60.6733,85.98,66,75,2.3
411,Kurchum,KZ,2022-10-25 15:40:25,48.5722,83.6542,39.63,36,88,3.96
412,Hasaki,JP,2022-10-25 15:40:25,35.7333,140.8333,53.22,64,100,32.91
413,Ogulin,HR,2022-10-25 15:40:26,45.2661,15.2286,57.61,93,57,1.28
414,Ouallam,NE,2022-10-25 15:40:27,14.3188,2.0866,100.42,13,4,10.69
415,Udalguri,IN,2022-10-25 15:40:27,26.7667,92.1333,68.68,98,100,4.7
416,Thaton,MM,2022-10-25 15:40:28,16.9206,97.3714,77.9,86,88,1.03
417,Swan River,CA,2022-10-25 15:40:28,52.1058,-101.2676,30.09,74,100,8.05
418,Seymchan,RU,2022-10-25 15:40:29,62.8833,152.4333,2.17,92,80,4.9
419,Merauke,ID,2022-10-25 15:40:29,-8.4667,140.3333,79.77,83,88,8.55
420,Ewa Beach,US,2022-10-25 15:37:56,21.3156,-158.0072,78.75,78,0,9.22
421,Tomatlan,MX,2022-10-25 15:40:30,19.9333,-105.25,81.68,76,60,0.65
422,Varniai,LT,2022-10-25 15:40:30,55.7406,22.3644,53.37,84,100,7.38
423,Mandera,KE,2022-10-25 15:40:31,3.9366,41.867,88.56,45,100,7.11
424,Synya,RU,2022-10-25 15:40:31,65.3718,58.0387,22.75,99,92,3.02
425,Awbari,LY,2022-10-25 15:40:32,26.5921,12.7805,78.55,25,0,9.42
426,Saint-Georges,GD,2022-10-25 15:40:32,12.0564,-61.7485,85.68,79,75,9.22
427,Fairbanks,US,2022-10-25 15:40:32,64.8378,-147.7164,21.16,93,100,4.61
428,Ushumun,RU,2022-10-25 15:40:33,52.7833,126.5333,31.19,79,100,9.53
429,Itaituba,BR,2022-10-25 15:40:34,-4.2761,-55.9836,93.36,62,40,0.0
430,Vila Velha,BR,2022-10-25 15:40:31,-20.3297,-40.2925,82.35,85,40,12.66
431,Valleyview,CA,2022-10-25 15:40:13,55.0667,-117.2859,32.04,93,100,8.05
432,Vardo,NO,2022-10-25 15:40:36,70.3705,31.1107,33.78,69,0,17.27
433,Quang Ngai,VN,2022-10-25 15:40:36,15.1167,108.8,75.54,93,100,4.23
434,Guarapari,BR,2022-10-25 15:40:37,-20.6667,-40.4975,76.89,84,35,5.59
435,Bubaque,GW,2022-10-25 15:40:37,11.2833,-15.8333,83.73,71,38,10.33
436,Visnes,NO,2022-10-25 15:40:38,59.3556,5.2242,54.21,87,100,10.36
437,Curuguaty,PY,2022-10-25 15:40:38,-24.4694,-55.6945,88.18,41,0,5.7
438,Pasuruan,ID,2022-10-25 15:40:38,-7.6453,112.9075,78.69,85,100,4.99
439,Liepaja,LV,2022-10-25 15:40:39,56.5419,21.0367,55.38,88,100,9.22
440,Harlingen,US,2022-10-25 15:37:23,26.1906,-97.6961,74.19,65,75,13.8
441,Itarema,BR,2022-10-25 15:40:40,-2.9248,-39.9167,87.48,57,54,18.28
442,Chimbote,PE,2022-10-25 15:40:41,-9.0853,-78.5783,66.61,72,100,8.95
443,Flinders,AU,2022-10-25 15:40:42,-34.5833,150.8552,64.18,90,70,4.0
444,Akyab,MM,2022-10-25 15:40:43,20.15,92.9,78.73,80,45,5.59
445,Old Town,CZ,2022-10-25 15:40:43,50.087,14.4202,63.14,69,40,11.5
446,Zhezkazgan,KZ,2022-10-25 15:40:44,47.8043,67.7144,44.56,45,100,7.72
447,Bouloupari,NC,2022-10-25 15:40:44,-21.8667,166.05,69.71,86,82,5.03
448,Nago,JP,2022-10-25 15:40:47,26.5881,127.9761,68.45,63,94,13.65
449,Mayo,US,2022-10-25 15:36:15,38.8876,-76.5119,62.19,94,100,1.01
450,Tignere,CM,2022-10-25 15:40:47,7.3667,12.65,74.41,71,74,3.51
451,Marsh Harbour,BS,2022-10-25 15:40:48,26.5412,-77.0636,79.18,68,9,11.81
452,Yurimaguas,PE,2022-10-25 15:40:48,-5.9,-76.0833,86.16,66,20,4.61
453,Torbat-E Jam,IR,2022-10-25 15:40:50,35.244,60.6225,58.95,62,24,6.15
454,Mugan,CN,2022-10-25 15:40:50,35.9404,101.3842,50.92,58,100,3.24
455,Penzance,GB,2022-10-25 15:38:02,50.1186,-5.5371,59.68,94,75,19.57
456,Nanortalik,GL,2022-10-25 15:40:51,60.1432,-45.2371,35.67,72,9,5.95
457,Naryan-Mar,RU,2022-10-25 15:40:51,67.6713,53.087,26.08,88,95,8.59
458,Oyama,JP,2022-10-25 15:41:52,36.3,139.8,55.58,53,100,11.21
459,Maceio,BR,2022-10-25 15:41:52,-9.6658,-35.7353,87.24,58,75,16.11
460,Mount Gambier,AU,2022-10-25 15:41:53,-37.8333,140.7667,57.11,100,100,8.05
461,Raudeberg,NO,2022-10-25 15:41:53,61.9875,5.1352,50.86,31,100,8.75
462,Churachandpur,IN,2022-10-25 15:41:53,24.3333,93.6667,60.53,99,18,1.95
463,Saint Anthony,US,2022-10-25 15:41:54,45.0205,-93.218,41.95,73,100,14.97
464,Tumpat,MY,2022-10-25 15:41:54,6.1978,102.171,80.58,94,40,2.3
465,Chicama,PE,2022-10-25 15:41:55,-7.8447,-79.1469,63.14,64,99,8.81
466,Ilyich,KZ,2022-10-25 15:41:56,40.8464,68.5067,57.7,87,100,11.32
467,Hengshui,CN,2022-10-25 15:41:58,37.7322,115.7011,65.39,31,100,13.91
468,Panguna,PG,2022-10-25 15:41:58,-6.3164,155.4848,69.46,94,37,0.31
469,Monywa,MM,2022-10-25 15:41:58,22.1167,95.1333,77.18,87,3,6.49
470,Panjab,AF,2022-10-25 15:41:59,34.388,67.0233,43.09,38,2,6.24
471,Atambua,ID,2022-10-25 15:42:00,-9.1061,124.8925,76.55,85,100,2.3
472,Roald,NO,2022-10-25 15:42:00,62.5833,6.1333,54.75,76,75,3.44
473,Joigny,FR,2022-10-25 15:42:01,47.9829,3.401,63.81,65,99,6.53
474,Sao Francisco De Assis,BR,2022-10-25 15:42:01,-29.5503,-55.1311,81.61,39,0,8.97
475,Wilkie,CA,2022-10-25 15:42:02,52.4168,-108.7014,29.89,86,100,1.23
476,Erenhot,CN,2022-10-25 15:42:02,43.6475,111.9767,41.68,51,2,16.69
477,Bandarbeyla,SO,2022-10-25 15:42:03,9.4942,50.8122,78.82,76,0,7.83
478,Tipperary,IE,2022-10-25 15:39:17,52.4733,-8.1558,58.05,90,100,13.09
479,Caxito,AO,2022-10-25 15:42:04,-8.5785,13.6643,84.92,63,27,11.07
480,Calpulalpan,MX,2022-10-25 15:42:05,19.5833,-98.5833,67.23,52,36,7.14
481,Abashiri,JP,2022-10-25 15:42:06,44.0213,144.2697,34.95,72,0,8.61
482,Saint-Augustin,CA,2022-10-25 15:42:06,51.226,-58.6502,55.24,64,6,5.93
483,Watsa,CD,2022-10-25 15:42:08,3.0372,29.5355,67.69,95,100,2.82
484,Atar,MR,2022-10-25 15:42:08,20.5169,-13.0499,93.97,26,100,1.79
485,Jiazi,CN,2022-10-25 15:42:09,22.8779,116.067,69.85,72,96,22.75
486,Tinaquillo,VE,2022-10-25 15:42:09,9.9186,-68.3047,87.87,54,92,4.9
487,Kamenka,RU,2022-10-25 15:42:10,51.3223,42.7678,38.68,57,16,3.06
488,Solnechnyy,RU,2022-10-25 15:42:11,50.7214,136.6319,32.41,67,24,4.34
489,Bonfim,BR,2022-10-25 15:42:11,3.0833,-59.95,89.55,67,95,2.53
490,Valdivia,CL,2022-10-25 15:40:36,-39.8142,-73.2459,57.29,49,99,6.6
491,Kushiro,JP,2022-10-25 15:42:12,42.975,144.3747,37.9,74,5,6.96
492,Birchis,RO,2022-10-25 15:42:13,45.9667,22.1667,59.67,85,100,3.47
493,Narsaq,GL,2022-10-25 15:42:14,60.9167,-46.05,28.62,71,10,2.8
494,Port Lincoln,AU,2022-10-25 15:42:15,-34.7333,135.8667,56.82,88,98,6.24
495,Chipinge,ZW,2022-10-25 15:42:15,-20.1883,32.6236,74.37,58,66,5.57
496,Melito Di Porto Salvo,IT,2022-10-25 15:42:16,37.9222,15.7714,76.91,38,58,13.8
497,Cherepovets,RU,2022-10-25 15:40:06,59.1333,37.9,36.57,66,92,3.13
498,Thornhill,GB,2022-10-25 15:42:18,55.2333,-3.7667,53.74,93,100,8.75
499,Abu Samrah,SY,2022-10-25 15:42:18,35.3029,37.1841,74.43,31,20,10.42
500,Marzuq,YE,2022-10-25 15:42:19,14.4,46.4667,74.46,35,4,3.85
501,Atoka,US,2022-10-25 15:42:19,34.4001,-96.0169,51.6,68,95,17.58
502,Fort Wellington,GY,2022-10-25 15:42:20,6.4,-57.6,83.89,73,98,7.05
503,Athabasca,CA,2022-10-25 15:43:21,54.7169,-113.2854,34.21,81,99,4.97
504,Manicore,BR,2022-10-25 15:43:21,-5.8092,-61.3003,97.75,40,100,2.73
505,Magistralnyy,RU,2022-10-25 15:43:22,56.1725,107.4458,30.7,60,100,6.49
506,Sarh,TD,2022-10-25 15:43:22,9.1429,18.3923,93.11,29,0,6.91
507,Warrington,GB,2022-10-25 15:43:24,53.3925,-2.5802,61.45,79,20,9.22
508,Saint-Joseph,RE,2022-10-25 15:43:24,-21.3667,55.6167,71.98,79,41,8.39
509,Borovskoy,KZ,2022-10-25 15:43:25,53.8,64.15,33.4,98,100,7.67
510,Seoul,KR,2022-10-25 15:40:02,37.5683,126.9778,49.44,87,0,4.61
511,Cacu,BR,2022-10-25 15:43:25,-18.5567,-51.1308,95.88,26,0,3.18
512,Guangyuan,CN,2022-10-25 15:43:27,32.442,105.823,57.63,96,100,3.74
513,Boguchany,RU,2022-10-25 15:43:28,58.3814,97.4531,31.35,69,87,9.13
514,Ayolas,PY,2022-10-25 15:43:28,-27.4,-56.9,87.37,32,0,6.78
515,Koslan,RU,2022-10-25 15:43:29,63.4564,48.8989,29.48,94,36,5.06
516,Muscatine,US,2022-10-25 15:40:59,41.4667,-91.1335,47.66,71,75,12.66
517,Richards Bay,ZA,2022-10-25 15:43:30,-28.783,32.0377,77.23,79,84,14.2
518,Chumikan,RU,2022-10-25 15:43:31,54.7183,135.315,35.51,77,100,11.81
519,Tres De Maio,BR,2022-10-25 15:43:31,-27.7733,-54.24,82.69,41,0,7.76
520,Uvira,CD,2022-10-25 15:43:32,-3.4067,29.1458,78.75,64,88,0.98
521,Puerto Escondido,MX,2022-10-25 15:43:33,15.85,-97.0667,83.86,75,97,4.56
522,Biltine,TD,2022-10-25 15:43:34,14.5333,20.9167,88.02,13,1,10.78
523,Taoudenni,ML,2022-10-25 15:43:35,22.6783,-3.9836,93.92,8,100,14.14
524,Upata,VE,2022-10-25 15:43:35,8.0086,-62.3989,86.2,74,96,1.03
525,Mahajanga,MG,2022-10-25 15:43:36,-15.7167,46.3167,80.62,74,20,13.8
526,Tigil,RU,2022-10-25 15:43:38,57.8,158.6667,27.48,89,99,15.68
527,Lucenec,SK,2022-10-25 15:43:38,48.3325,19.6671,57.09,77,30,6.17
528,Lienz,AT,2022-10-25 15:43:39,46.8289,12.769,58.51,91,88,3.11
529,Garowe,SO,2022-10-25 15:43:41,8.4054,48.4845,84.87,50,40,10.0
530,Hirtshals,DK,2022-10-25 15:43:41,57.5881,9.9592,54.18,91,77,19.44
531,Canico,PT,2022-10-25 15:43:42,32.6333,-16.85,77.63,86,40,14.97
532,Tanete,ID,2022-10-25 15:43:42,-3.9443,119.7848,77.05,90,67,1.1
533,Moose Factory,CA,2022-10-25 15:43:43,51.2585,-80.6094,64.4,52,75,19.57
534,Beruwala,LK,2022-10-25 15:43:44,6.4788,79.9828,78.6,86,21,4.59
535,Rudnogorsk,RU,2022-10-25 15:43:44,57.2639,103.7519,26.82,69,81,6.69
536,Tibati,CM,2022-10-25 15:43:45,6.4667,12.6333,77.31,74,100,4.25
537,Dawlatabad,AF,2022-10-25 15:43:46,36.4141,64.9053,59.72,77,97,7.02
538,Mitu,CO,2022-10-25 15:43:47,1.1983,-70.1733,88.65,54,91,1.28
539,North Vanlaiphai,IN,2022-10-25 15:43:48,23.1333,93.0667,55.81,99,35,1.45
540,Matadi,CD,2022-10-25 15:43:49,-5.8167,13.45,87.15,62,86,9.69
541,Nejdek,CZ,2022-10-25 15:43:50,50.3224,12.7294,57.76,83,20,4.61
542,Platteville,US,2022-10-25 15:43:50,42.7342,-90.4785,46.24,87,40,9.22
543,Rawlins,US,2022-10-25 15:42:32,41.7911,-107.2387,31.89,74,100,21.85
544,Nocupetaro,MX,2022-10-25 15:43:51,19.05,-101.15,79.66,70,94,1.86
545,Hervey Bay,AU,2022-10-25 15:43:52,-25.2986,152.8535,75.02,95,72,11.99
546,Kollam,IN,2022-10-25 15:41:49,8.8833,76.6,78.66,86,29,7.54
547,Bagua Grande,PE,2022-10-25 15:43:54,-5.7561,-78.4411,89.4,50,42,5.66
548,Ust-Kulom,RU,2022-10-25 15:43:54,61.6864,53.6902,29.44,88,95,6.51
549,Yeppoon,AU,2022-10-25 15:43:55,-23.1333,150.7333,74.98,94,11,6.15
550,Port-Cartier,CA,2022-10-25 15:43:55,50.0334,-66.8654,53.82,77,2,4.7
551,Skovorodino,RU,2022-10-25 15:44:55,53.9833,123.9167,25.02,75,88,4.05
552,Sitka,US,2022-10-25 15:44:56,57.0531,-135.33,37.29,87,40,0.0
553,Talcahuano,CL,2022-10-25 15:44:57,-36.7167,-73.1167,58.68,72,75,8.05
554,Bayir,TR,2022-10-25 15:44:57,37.2687,28.2167,64.92,35,0,1.45
555,Sao Gabriel Da Cachoeira,BR,2022-10-25 15:44:58,-0.1303,-67.0892,84.0,79,40,4.61
556,Ixtapa,MX,2022-10-25 15:44:58,20.7,-105.2,81.23,78,40,3.44
557,Balakhninskiy,RU,2022-10-25 15:44:59,58.0106,114.2769,27.91,91,100,10.89
558,Guiratinga,BR,2022-10-25 15:44:59,-16.3494,-53.7583,95.38,31,6,5.1
559,Pathein,MM,2022-10-25 15:45:00,16.7833,94.7333,75.76,91,76,3.85
560,Mulege,MX,2022-10-25 15:45:00,26.8833,-111.9833,73.87,43,1,7.54
561,Ulenje,TZ,2022-10-25 15:45:01,-8.9333,33.6833,64.99,61,99,3.89
562,Santa Isabel,BR,2022-10-25 15:44:40,-23.3156,-46.2214,78.1,40,4,7.81
563,Show Low,US,2022-10-25 15:45:02,34.2542,-110.0298,50.14,34,0,1.01
564,Salalah,OM,2022-10-25 15:45:02,17.0151,54.0924,82.49,51,0,5.75
565,Najran,SA,2022-10-25 15:45:03,17.4924,44.1277,79.45,20,13,9.28
566,Shuyskoye,RU,2022-10-25 15:45:03,59.3736,41.0305,31.19,80,23,1.61
567,Arona,ES,2022-10-25 15:45:04,28.0996,-16.681,76.91,80,20,8.05
568,Kobrinskoye,RU,2022-10-25 15:45:05,59.4225,30.1239,36.7,76,97,8.14
569,Westport,US,2022-10-25 15:45:05,41.1415,-73.3579,73.18,92,100,10.36
570,Juarez,MX,2022-10-25 15:41:07,31.7333,-106.4833,54.82,41,0,5.75
571,Alofi,NU,2022-10-25 15:45:06,-19.0595,-169.9187,62.49,82,64,3.44
572,Alekseyevka,RU,2022-10-25 15:45:07,50.6309,38.6903,48.38,77,58,2.35
573,Teknaf,BD,2022-10-25 15:45:07,20.8624,92.3058,75.38,89,91,7.25
574,Pouembout,NC,2022-10-25 15:45:10,-21.1333,164.9,72.57,88,92,2.21
575,Puerto Narino,CO,2022-10-25 15:45:11,-3.7703,-70.3831,85.93,62,100,1.3
576,Oktyabrskoye,RU,2022-10-25 15:45:11,43.0645,44.7417,44.74,87,40,6.71
577,Zalantun,CN,2022-10-25 15:45:13,48.0,122.7167,44.71,44,100,10.04
578,Romny,UA,2022-10-25 15:45:13,50.751,33.4747,50.97,91,100,7.54
579,Faya,SA,2022-10-25 15:45:14,18.3851,42.4509,68.11,72,13,5.91
580,Guerrero Negro,MX,2022-10-25 15:45:15,27.9769,-114.0611,70.18,40,0,3.15
581,Porto Seguro,BR,2022-10-25 15:45:15,-16.4497,-39.0647,79.32,78,75,6.91
582,Diego De Almagro,CL,2022-10-25 15:45:16,-26.3667,-70.05,71.24,23,3,10.25
583,Kalmunai,LK,2022-10-25 15:45:16,7.4167,81.8167,79.93,79,90,3.22
584,Geneva,US,2022-10-25 15:45:17,41.8875,-88.3054,60.66,89,100,9.22
585,Sinnamary,GF,2022-10-25 15:45:19,5.3833,-52.95,82.31,76,100,4.81
586,Zhongshan,CN,2022-10-25 15:45:20,21.3226,110.5829,74.14,79,34,17.29
587,Touros,BR,2022-10-25 15:45:21,-5.1989,-35.4608,84.74,60,16,15.23
588,Pocatello,US,2022-10-25 15:45:21,42.8713,-112.4455,38.86,80,75,13.8
589,Port Shepstone,ZA,2022-10-25 15:45:24,-30.7414,30.455,71.38,88,100,25.86
590,Holme,DK,2022-10-25 15:45:24,56.1138,10.1725,54.97,88,13,11.59
591,Matli,PK,2022-10-25 15:45:25,25.0431,68.6557,79.43,68,0,13.91
592,Hun,LY,2022-10-25 15:45:25,29.1268,15.9477,80.55,23,0,10.65
593,Dunedin,NZ,2022-10-25 15:45:26,-45.8742,170.5036,46.8,84,99,5.41
594,Porto Velho,BR,2022-10-25 15:43:17,-8.7619,-63.9039,78.85,89,75,3.44
595,Rabo De Peixe,PT,2022-10-25 15:46:29,37.8,-25.5833,68.27,86,20,17.27
596,Hofn,IS,2022-10-25 15:46:30,64.2539,-15.2082,41.92,83,100,19.51
597,Callaway,US,2022-10-25 15:46:31,30.153,-85.5699,82.98,73,0,18.41
598,Katherine,AU,2022-10-25 15:46:33,-14.4667,132.2667,88.12,58,9,8.05
599,Eureka,US,2022-10-25 15:45:10,40.8021,-124.1637,51.21,89,74,3.36
600,Peniche,PT,2022-10-25 15:42:27,39.3558,-9.3811,72.28,83,34,16.93
601,Ginda,IN,2022-10-25 15:46:34,30.6945,78.4932,52.34,51,0,6.82
602,Funtua,NG,2022-10-25 15:46:34,11.5233,7.3081,86.4,29,96,9.33
603,Aiquile,BO,2022-10-25 15:46:35,-18.2041,-65.1807,78.31,34,1,8.68
604,Mozarlandia,BR,2022-10-25 15:46:35,-14.7447,-50.5706,94.77,37,18,2.24
605,Broken Hill,AU,2022-10-25 15:46:36,-31.95,141.4333,61.86,65,98,5.01
606,Sukhumi,GE,2022-10-25 15:44:18,43.0033,41.0153,56.41,79,49,4.68
607,Aksha,RU,2022-10-25 15:46:37,50.2814,113.2867,27.01,51,3,10.07
608,Lac Du Bonnet,CA,2022-10-25 15:46:37,50.2536,-96.0612,33.87,74,100,11.05
609,Severodvinsk,RU,2022-10-25 15:46:38,64.5635,39.8302,32.11,88,10,7.7
610,Stornoway,GB,2022-10-25 15:46:39,58.2093,-6.3865,53.92,94,75,17.27
611,Saint-Leu,RE,2022-10-25 15:46:39,-21.15,55.2833,72.46,78,30,2.39
612,Kamina,CD,2022-10-25 15:46:40,-8.7386,24.9906,77.7,45,99,2.44
613,Stokmarknes,NO,2022-10-25 15:46:41,68.5646,14.9108,39.16,64,0,6.91
614,Soyo,AO,2022-10-25 15:46:42,-6.1349,12.3689,79.56,81,82,10.22
615,Baturaja,ID,2022-10-25 15:46:44,-4.1333,104.1667,74.14,96,100,2.01
616,Ostersund,SE,2022-10-25 15:46:44,63.1792,14.6357,39.65,100,75,10.36
617,Mana,GF,2022-10-25 15:46:45,5.6592,-53.7767,79.14,82,100,4.61
618,Praia,CV,2022-10-25 15:46:45,14.9215,-23.5087,86.54,62,75,13.8
619,Lazaro Cardenas,MX,2022-10-25 15:46:46,17.9583,-102.2,82.51,76,20,0.87
620,Kaka,TM,2022-10-25 15:46:46,37.3482,59.6143,63.61,51,42,8.12
621,Vestmannaeyjar,IS,2022-10-25 15:46:47,63.4427,-20.2734,45.59,81,100,17.27
622,Omboue,GA,2022-10-25 15:46:47,-1.5746,9.2618,80.28,75,58,7.65
623,College,US,2022-10-25 15:46:07,64.8569,-147.8028,22.21,91,100,4.61
624,Niles,US,2022-10-25 15:42:38,42.0189,-87.8028,60.58,95,100,5.01
625,Arman,RU,2022-10-25 15:46:49,59.7,150.1667,24.37,93,100,3.8
626,Brae,GB,2022-10-25 15:46:50,60.3964,-1.353,52.54,90,92,10.87
627,Sur,OM,2022-10-25 15:46:50,22.5667,59.5289,81.18,52,0,2.01
628,Purgstall,AT,2022-10-25 15:46:51,48.0584,15.1348,58.55,89,17,1.57
629,Chanal,MX,2022-10-25 15:46:51,16.7167,-92.4,71.46,50,95,1.66
630,Evans,US,2022-10-25 15:42:06,33.5337,-82.1307,72.03,54,0,1.99
631,Ilo,PE,2022-10-25 15:46:52,-17.6394,-71.3375,67.06,64,40,13.8
632,Mendoza,AR,2022-10-25 15:46:53,-32.8908,-68.8272,78.33,36,20,9.22
633,Preston,GB,2022-10-25 15:46:53,53.7667,-2.7167,61.66,72,20,10.36
634,Puerto Madryn,AR,2022-10-25 15:46:54,-42.7692,-65.0385,64.71,40,74,13.22
635,Qui Nhon,VN,2022-10-25 15:46:54,13.7667,109.2333,76.53,90,100,8.21
636,Yenagoa,NG,2022-10-25 15:46:54,4.9247,6.2642,80.13,84,100,6.08
637,Santa Ana,US,2022-10-25 15:45:51,33.7456,-117.8678,72.1,46,0,3.44
638,Mlonggo,ID,2022-10-25 15:47:55,-6.5333,110.7,78.06,86,97,4.25
639,Aiken,US,2022-10-25 15:46:20,33.5835,-81.5998,73.11,52,0,0.0
640,Ciudad Guayana,VE,2022-10-25 15:47:56,8.3533,-62.6528,89.53,64,97,2.08
641,Vila Franca Do Campo,PT,2022-10-25 15:47:56,37.7167,-25.4333,69.19,61,100,14.0
642,Uray,RU,2022-10-25 15:47:57,60.1247,64.7758,30.09,86,13,6.29
643,Quatre Cocos,MU,2022-10-25 15:47:58,-20.2078,57.7625,73.51,70,0,11.72
644,Tshikapa,CD,2022-10-25 15:47:58,-6.4167,20.8,80.76,71,89,6.93
645,Olinda,BR,2022-10-25 15:47:58,-8.0089,-34.8553,82.13,65,75,12.66
646,Zemio,CF,2022-10-25 15:48:00,5.0314,25.1361,70.5,92,100,1.39
647,Verkhnyaya Inta,RU,2022-10-25 15:48:00,65.9811,60.3094,22.96,97,99,5.23
648,Jobabo,CU,2022-10-25 15:48:01,20.9692,-76.2994,82.42,58,24,3.69
649,Bambanglipuro,ID,2022-10-25 15:48:01,-7.95,110.2833,77.65,83,100,5.32
650,Matay,EG,2022-10-25 15:48:01,28.419,30.7792,77.11,45,100,6.73
651,Sembe,CG,2022-10-25 15:48:02,1.6481,14.5806,75.88,95,94,1.57
652,Amapa,BR,2022-10-25 15:48:02,1.0,-52.0,97.68,31,85,4.12
653,Quimper,FR,2022-10-25 15:46:40,48.0,-4.1,63.18,88,100,13.8
654,Oeiras,BR,2022-10-25 15:48:03,-7.0253,-42.1311,87.58,50,97,1.36
655,Meulaboh,ID,2022-10-25 15:48:04,4.1363,96.1285,78.42,86,100,3.76
656,Anahuac,MX,2022-10-25 15:48:05,27.2333,-100.15,69.33,25,0,14.07
657,Ukiah,US,2022-10-25 15:48:05,39.1502,-123.2078,56.37,91,0,0.0
658,Tutoia,BR,2022-10-25 15:45:26,-2.7619,-42.2744,85.84,65,68,15.3
659,Necochea,AR,2022-10-25 15:47:47,-38.5473,-58.7368,71.73,58,100,5.19
660,Yizheng,CN,2022-10-25 15:48:06,24.6706,103.4296,54.57,96,11,3.87
661,Mago,RU,2022-10-25 15:48:07,53.2514,140.1822,31.05,72,62,2.48
662,Windhoek,NA,2022-10-25 15:45:12,-22.5594,17.0832,90.09,14,75,6.91
663,Coihaique,CL,2022-10-25 15:48:08,-45.5752,-72.0662,59.61,67,75,4.61
664,Tommot,RU,2022-10-25 15:48:08,58.9564,126.2925,24.93,86,99,10.29
665,Kropotkin,RU,2022-10-25 15:48:09,45.4375,40.5756,56.17,71,100,2.35
666,Poum,NC,2022-10-25 15:48:09,-20.2333,164.0167,74.8,85,89,13.87
667,Kongoussi,BF,2022-10-25 15:48:10,13.3258,-1.5347,98.91,14,19,9.17
668,Jiexiu,CN,2022-10-25 15:48:12,37.0244,111.9125,56.57,54,100,3.18
669,Glendive,US,2022-10-25 15:48:12,47.1053,-104.7125,41.49,75,0,14.97
670,Kuala Pilah,MY,2022-10-25 15:48:13,2.7389,102.2487,76.19,92,100,1.99
671,Zyryanka,RU,2022-10-25 15:48:13,65.75,150.85,7.41,96,100,7.87
672,Porangatu,BR,2022-10-25 15:48:14,-13.4408,-49.1486,97.57,29,72,0.65
673,Nadapuram,IN,2022-10-25 15:48:15,11.7,75.6667,74.23,83,6,3.87
674,Torres,BR,2022-10-25 15:48:15,-29.3353,-49.7269,70.83,61,23,11.56
675,Robore,BO,2022-10-25 15:48:16,-18.3333,-59.75,89.69,55,20,0.0
676,Ippy,CF,2022-10-25 15:48:16,6.2679,21.2247,77.5,77,100,3.89
677,Sovetsk,RU,2022-10-25 15:48:17,55.0839,21.8785,51.31,95,55,5.7
678,Takab,IR,2022-10-25 15:48:17,36.4009,47.1133,54.1,49,0,3.36
679,Coahuayana,MX,2022-10-25 15:48:18,18.7333,-103.6833,83.61,74,37,2.15
680,Aqtobe,KZ,2022-10-25 15:47:26,50.2797,57.2072,42.89,93,100,0.0
681,Christchurch,NZ,2022-10-25 15:48:19,-43.5333,172.6333,45.95,90,13,3.44
682,Faanui,PF,2022-10-25 15:48:19,-16.4833,-151.75,79.52,79,100,21.3
683,Ambon,ID,2022-10-25 15:48:20,-3.6954,128.1814,78.94,94,20,6.91
684,Labuhan,ID,2022-10-25 15:48:20,-6.8844,112.2051,78.75,82,100,14.74
685,Vuktyl,RU,2022-10-25 15:49:21,63.8567,57.3094,29.39,92,99,9.75
686,Ostrovnoy,RU,2022-10-25 15:49:22,68.0531,39.5131,31.26,84,60,12.8
687,Topchikha,RU,2022-10-25 15:49:22,52.8192,83.1185,31.62,53,0,4.81
688,Srimushnam,IN,2022-10-25 15:49:23,11.4,79.4167,78.46,68,36,3.91
689,Molokovo,RU,2022-10-25 15:49:23,58.1661,36.7628,32.61,84,33,5.06
690,Gusino,RU,2022-10-25 15:49:24,54.7244,31.368,44.73,87,100,8.21
691,Swindon,GB,2022-10-25 15:49:24,51.558,-1.7812,61.7,81,20,8.05
692,Mumford,GH,2022-10-25 15:49:25,5.2618,-0.759,81.75,76,64,10.02
693,Jalu,LY,2022-10-25 15:49:25,29.0331,21.5482,77.18,36,0,8.66
694,Harper,LR,2022-10-25 15:49:26,4.375,-7.7169,81.05,79,94,7.38
695,Sukumo,JP,2022-10-25 15:49:26,32.9333,132.7333,52.7,77,4,3.74
696,Deqing,CN,2022-10-25 15:49:28,30.5448,119.9599,56.17,79,100,3.38
697,Armizonskoye,RU,2022-10-25 15:49:28,55.9461,67.6736,35.4,97,100,8.12
698,Gamba,GA,2022-10-25 15:49:29,-2.65,10.0,80.24,78,97,8.66
699,Manzanillo,CU,2022-10-25 15:48:28,20.3433,-77.1167,83.91,59,0,5.48
700,Hastings,GB,2022-10-25 15:49:30,50.8552,0.5729,62.35,76,96,10.67
701,Phanom Thuan,TH,2022-10-25 15:49:30,14.1303,99.6986,78.03,80,93,4.18
702,Nieves,PH,2022-10-25 15:49:31,15.3274,120.9485,78.31,89,53,3.36
703,Areia Branca,BR,2022-10-25 15:49:32,-4.9561,-37.1369,93.4,56,55,19.19
704,Tezu,IN,2022-10-25 15:49:33,27.9167,96.1667,69.13,99,90,2.35
705,Rafraf,TN,2022-10-25 15:49:33,37.1904,10.1837,80.92,55,99,7.72
706,Fort Nelson,CA,2022-10-25 15:49:34,58.8053,-122.7002,17.19,98,40,2.3
707,Berezovyy,RU,2022-10-25 15:49:34,51.6667,135.7,32.25,63,24,4.34
708,Ust-Ilimsk,RU,2022-10-25 15:49:35,58.0006,102.6619,29.48,68,94,9.08
709,Phalodi,IN,2022-10-25 15:49:35,27.1333,72.3667,81.23,20,0,6.62
710,Kosh-Agach,RU,2022-10-25 15:49:36,50.0,88.6667,22.17,37,0,5.17
711,Dubbo,AU,2022-10-25 15:49:36,-32.25,148.6167,60.93,88,75,3.44
712,Zyryanskoye,RU,2022-10-25 15:49:37,56.8306,86.6258,31.68,68,38,11.52
713,Tarko-Sale,RU,2022-10-25 15:49:38,64.9225,77.785,31.91,99,100,7.94
714,Llanes,ES,2022-10-25 15:49:38,43.4198,-4.7549,74.89,61,73,8.08
715,Kadnikov,RU,2022-10-25 15:49:39,59.5022,40.338,30.96,79,9,1.28
716,Vostok,RU,2022-10-25 15:49:39,46.4856,135.8833,27.54,65,10,4.76
717,Huanren,CN,2022-10-25 15:49:39,41.2647,125.3667,38.57,80,0,5.5
718,Clearlake,US,2022-10-25 15:49:41,38.9582,-122.6264,58.17,66,43,2.77
719,Beyla,GN,2022-10-25 15:49:41,8.6833,-8.6333,83.61,59,44,5.12
720,Aykhal,RU,2022-10-25 15:49:41,66.0,111.5,15.4,94,81,16.69
721,Shubarkuduk,KZ,2022-10-25 15:49:42,49.1447,56.4872,47.01,94,100,12.86
722,Rafsanjan,IR,2022-10-25 15:49:42,30.4067,55.9939,72.91,14,1,3.02
723,Grand Island,US,2022-10-25 15:47:57,40.925,-98.342,49.23,58,0,8.05
724,Kenora,CA,2022-10-25 15:44:56,49.8167,-94.4337,32.97,93,75,16.11
725,Mirnyy,RU,2022-10-25 15:49:43,62.5353,113.9611,24.24,92,98,8.99
726,Punta,PH,2022-10-25 15:49:44,8.9897,125.34,78.28,86,100,3.56
727,Whitehorse,CA,2022-10-25 15:49:44,60.7161,-135.0538,18.37,73,100,8.05
728,Skelleftea,SE,2022-10-25 15:49:45,64.7507,20.9528,33.01,100,20,3.44
729,Kutum,SD,2022-10-25 15:49:45,14.2,24.6667,80.44,19,2,6.4
730,Abu Zabad,SD,2022-10-25 15:49:46,12.35,29.25,84.87,23,3,7.9
731,Viedma,AR,2022-10-25 15:46:35,-40.8135,-62.9967,82.69,18,100,6.71
732,Poltavka,RU,2022-10-25 15:49:47,54.3663,71.7632,32.7,77,100,9.69
733,Kirovskiy,RU,2022-10-25 15:50:48,45.0917,133.5136,34.36,64,15,5.99
734,Nantucket,US,2022-10-25 15:50:48,41.2835,-70.0995,69.91,99,100,6.91
735,Inhambane,MZ,2022-10-25 15:50:49,-23.865,35.3833,82.38,74,20,14.0
736,Colchester,GB,2022-10-25 15:50:50,51.8892,0.9042,61.27,82,78,11.1
737,Perth,AU,2022-10-25 15:47:49,-31.9333,115.8333,56.66,87,20,5.75
738,Tikapur,NP,2022-10-25 15:50:51,28.5,81.1333,66.07,71,0,4.79
739,Dalvik,IS,2022-10-25 15:50:51,65.9702,-18.5286,39.13,91,85,4.65
740,Kitale,KE,2022-10-25 15:50:52,1.0157,35.0062,62.1,71,59,2.62
741,Santa Lucia,ES,2022-10-25 15:50:52,27.9117,-15.5407,69.12,73,20,16.11
742,Balingasay,PH,2022-10-25 15:50:53,16.3573,119.8564,81.55,73,77,8.72
743,Harrogate,GB,2022-10-25 15:50:53,53.9908,-1.5373,59.16,76,40,6.91
744,Kyzyl-Suu,KG,2022-10-25 15:50:54,42.3414,78.0056,44.51,55,46,6.62
745,Nakskov,DK,2022-10-25 15:50:54,54.8373,11.1284,58.1,85,37,19.51
746,Kpandu,GH,2022-10-25 15:50:55,6.9954,0.2931,84.7,72,96,4.16
747,Atakpame,TG,2022-10-25 15:50:56,7.5333,1.1333,87.06,60,99,4.32
748,San Jose,US,2022-10-25 15:49:02,37.3394,-121.895,59.92,73,20,1.99
749,Ekangala,ZA,2022-10-25 15:50:57,-25.6962,28.7492,82.29,24,67,10.74
750,Novosysoyevka,RU,2022-10-25 15:50:57,44.235,133.3642,31.03,65,2,2.28
751,Kongolo,CD,2022-10-25 15:50:58,-5.3833,27.0,84.2,50,92,1.99
752,Makakilo City,US,2022-10-25 15:50:58,21.3469,-158.0858,77.32,78,0,9.22
753,Northam,GB,2022-10-25 15:51:00,51.0333,-4.2167,59.61,90,81,16.6
754,Malabon,PH,2022-10-25 15:51:01,15.6361,119.9379,78.91,78,100,4.05
755,Shunyi,CN,2022-10-25 15:51:02,40.125,116.6453,49.95,87,2,2.24
756,Scarborough,GB,2022-10-25 15:51:02,54.2797,-0.4044,58.57,81,74,1.99
757,Aripuana,BR,2022-10-25 15:51:03,-9.1667,-60.6333,71.29,99,100,4.38
758,Novobirilyussy,RU,2022-10-25 15:51:03,56.9514,90.6661,30.61,72,21,7.11
759,San Rafael Del Sur,NI,2022-10-25 15:51:04,11.8485,-86.4384,83.37,67,100,3.42
760,Mazamari,PE,2022-10-25 15:51:04,-11.3258,-74.5308,90.01,49,94,0.98
761,Atherton,GB,2022-10-25 15:51:05,53.5237,-2.4935,61.21,78,100,4.0
762,Palmer,US,2022-10-25 15:46:36,42.1584,-72.3287,66.78,86,100,1.01
763,Charkhi Dadri,IN,2022-10-25 15:51:06,28.6,76.2667,78.21,24,1,2.91
764,Nouna,BF,2022-10-25 15:51:06,12.7333,-3.8667,98.28,16,40,10.0
765,Columbus,US,2022-10-25 15:48:15,39.9612,-82.9988,72.88,49,75,9.22
766,Hami,CN,2022-10-25 15:51:08,42.8,93.45,53.17,35,47,4.7
767,Lazi,UA,2022-10-25 15:51:11,48.0667,24.2333,53.92,98,100,2.42
768,Ghanzi,BW,2022-10-25 15:51:12,-21.5667,21.7833,89.44,23,83,13.47
769,Lerwick,GB,2022-10-25 15:51:13,60.1545,-1.1494,53.6,89,92,10.96
770,Taketa,JP,2022-10-25 15:51:13,32.9652,131.3785,47.79,88,91,2.04
771,Vega De Alatorre,MX,2022-10-25 15:51:14,20.0333,-96.6333,82.45,78,13,10.56
772,Trairi,BR,2022-10-25 15:48:26,-3.2778,-39.2689,87.12,55,44,16.33
773,Xuchang,CN,2022-10-25 15:51:15,34.0167,113.8167,62.26,44,100,7.11
774,Mnogovershinnyy,RU,2022-10-25 15:50:49,53.9353,139.9242,27.37,77,62,3.53
775,Bilibino,RU,2022-10-25 15:51:16,68.0546,166.4372,-15.88,98,21,4.21
776,Siocon,PH,2022-10-25 15:51:17,7.7061,122.1353,77.92,87,91,0.92
777,Dzaoudzi,YT,2022-10-25 15:51:18,-12.7887,45.2699,78.69,73,0,10.36
778,Along,IN,2022-10-25 15:51:19,28.1667,94.7667,64.87,98,71,1.3
779,Mawlaik,MM,2022-10-25 15:51:20,23.6333,94.4167,71.13,100,81,2.37
780,Saint-Louis,SN,2022-10-25 15:52:21,16.3333,-15.0,92.84,35,96,9.33
781,Jasper,US,2022-10-25 15:52:06,37.2001,-94.3502,48.0,85,100,11.5
782,Cortez,US,2022-10-25 15:49:52,37.3489,-108.5859,39.04,69,0,6.91
783,Kortkeros,RU,2022-10-25 15:52:22,61.8106,51.5806,32.18,93,26,5.21
784,Omsk,RU,2022-10-25 15:50:07,55.0,73.4,35.49,59,0,7.0
785,Waipawa,NZ,2022-10-25 15:52:22,-41.4122,175.5153,40.08,89,5,5.68
786,Gazojak,TM,2022-10-25 15:52:23,41.1875,61.4036,51.35,77,64,7.09
787,Ahuimanu,US,2022-10-25 15:52:24,21.4447,-157.8378,78.51,80,20,9.22
788,Vila,PT,2022-10-25 15:52:24,42.0304,-8.1588,54.48,90,42,9.57
789,Aksu,CN,2022-10-25 15:52:25,41.1231,80.2644,53.69,29,5,7.47
790,Huambo,AO,2022-10-25 15:52:25,-12.7761,15.7392,65.48,78,91,4.76
791,Lichuan,CN,2022-10-25 15:52:26,30.3,108.85,51.57,89,100,2.75
792,Turochak,RU,2022-10-25 15:52:28,52.2576,87.1224,28.89,62,0,1.86
793,Hokitika,NZ,2022-10-25 15:52:28,-42.7167,170.9667,50.04,90,100,3.04
794,Majene,ID,2022-10-25 15:52:29,-3.5403,118.9707,79.47,85,28,2.53
